id_1870,id_1880
b5689d06-edd3-498e-8b5b-e04f2fa2f2a9,f7946b71-ff8a-441b-a37f-e086d6a6a048
a7118f06-949d-4d02-be0a-db33a6f8f3a8,9f638d67-3533-4886-9e2e-f9f6e87ca771
85d089c0-b907-4d9c-95ab-c5fa4a3dd2bb,2a675d10-ed1e-4f73-bce9-76e2e4b3924a
cddd9455-48e0-4b48-89a5-9ee315e00087,06377154-eea4-4211-bf10-fe548d9a964f
8cb74256-6dfa-4d17-913a-59fa646c388a,ee98d782-3617-45d1-aa05-c82efc8cbb20
1f8e1a74-d486-44ad-8d5c-51aedf86208e,b9a64833-3cdd-4354-8fb0-01b4358da12e
61a1590f-1d3a-4666-8406-3d4aaf0770b4,5b6f644f-37cb-407f-b86e-f42e65d9ddbf
92277f0b-1476-41f5-9dc8-bf83672616d0,f6de224e-c9ee-41e2-ac65-4b5f2759ef68
322291a1-de91-439d-bba0-45fc2f47a2eb,3669ec3d-fadf-4698-b944-3e4adb5602cf
136f7105-ff59-4eac-9d95-44b002cbb448,b24f4ced-bd23-41bc-8a8c-50411665e5d9
1138ab41-e234-4c72-b812-eaaf0fc5f76c,b5bfaaa0-9a18-4e00-9e09-7a6a82d33c52
066ea4e1-f340-4231-b505-ec7bb9a07103,6b971a6c-4242-4b1f-8974-360902e7796c
b7d96336-404e-490c-8c45-61f2287b52ff,50b0ff80-84fd-425c-be1a-e2370014c407
24bdff6a-5590-4494-8e8a-ac4a549c8890,3f75b6cf-c26f-49ae-a998-a37726301c25
c1fedaab-f026-4aa4-9320-e10f2432d539,8c18377b-f91b-4757-b766-ac725550264a
43a6ebe5-752b-4054-818d-6f6f75cc89e7,27fc6c82-ad43-4fdf-bbdf-d14e917a5569
0d693015-2349-4363-9667-45036af7d0db,6c00c2f2-161c-4c90-87d4-63a60486e0ca
1d586e26-aac1-49df-a2ad-fe0a385a26bf,c37e89ac-ac55-4748-a5ac-34bdb9c70a6d
